_MEMBER_MyList,_LogP_MyList,GO,_PATTERN_,_RANK_,GiniIndex,Category,CategoryID,Description,PARENT_GO,LogP,Enrichment,Z-score,#TotalGeneInLibrary,#GeneInGO,#GeneInHitList,#GeneInGOAndHitList,%InGO,STDV %InGO,GeneID,Hits,Log(q-value),EvidenceCutoff
1,-17,M40175,M1,1,0,Cell Type Signatures,7,DESCARTES FETAL EYE CORNEAL AND CONJUNCTIVAL EPITHELIAL CELLS,,-17,9.1,14,30211,243,367,27,7.4,1.4,306|445|467|479|928|1356|1999|2810|3880|4257|4610|5055|5317|6286|6385|7348|8870|9076|10103|23650|26298|55808|79679|114569|161291|200879|284340,ANXA3|ASS1|ATF3|ATP12A|CD9|CP|ELF3|SFN|KRT19|MGST1|MYCL|SERPINB2|PKP1|S100P|SDC4|UPK1B|IER3|CLDN1|TSPAN1|TRIM29|EHF|ST6GALNAC1|VTCN1|MAL2|TMEM30B|LIPH|CXCL17,-13,0
1,-16,M39303,M1,1,0,Cell Type Signatures,7,CUI DEVELOPING HEART C6 EPICARDIAL CELL,,-16,9.7,14,30211,195,367,23,6.3,1.3,306|445|3572|3606|3791|3880|4036|4257|4942|5627|6446|6860|7076|7348|7430|9076|9985|23767|26227|114569|140738|157869|374462,ANXA3|ASS1|IL6ST|IL18|KDR|KRT19|LRP2|MGST1|OAT|PROS1|SGK1|SYT4|TIMP1|UPK1B|EZR|CLDN1|REC8|FLRT3|PHGDH|MAL2|TMEM37|SBSPON|PTPRQ,-11,0
1,-13,M41698,M1,1,0,Cell Type Signatures,7,TRAVAGLINI LUNG TREM2 DENDRITIC CELL,,-13,4.9,10,30211,572,367,34,9.3,1.5,2|231|290|302|467|523|645|822|928|1317|2745|3032|3606|4257|4688|5214|5329|6446|6646|7295|8848|8878|9123|9124|9168|10159|10591|11343|28984|57142|57552|59345|84293|93663,A2M|AKR1B1|ANPEP|ANXA2|ATF3|ATP6V1A|BLVRB|CAPG|CD9|SLC31A1|GLRX|HADHB|IL18|MGST1|NCF2|PFKP|PLAUR|SGK1|SOAT1|TXN|TSC22D1|SQSTM1|SLC16A3|PDLIM1|TMSB10|ATP6AP2|DNPH1|MGLL|RGCC|RTN4|NCEH1|GNB4|PRXL2A|ARHGAP18,-9.8,0
1,-12,M39114,M1,1,0,Cell Type Signatures,7,AIZARANI LIVER C10 MVECS 1,,-12,7,11,30211,269,367,23,6.3,1.3,2|302|928|1822|1910|2034|2040|2321|3572|3791|5269|5327|5797|6446|8553|8611|8848|9124|28984|51294|51299|54873|64129,A2M|ANXA2|CD9|ATN1|EDNRB|EPAS1|STOM|FLT1|IL6ST|KDR|SERPINB6|PLAT|PTPRM|SGK1|BHLHE40|PLPP1|TSC22D1|PDLIM1|RGCC|PCDH12|NRN1|PALMD|TINAGL1,-8.9,0
1,-12,M40220,M1,1,0,Cell Type Signatures,7,DESCARTES FETAL KIDNEY URETERIC BUD CELLS,,-12,6.6,11,30211,300,367,24,6.5,1.3,306|479|1591|1999|2707|3694|3880|5317|6286|6338|6340|6549|7348|10103|23650|26298|54097|79589|79679|114569|119587|157506|161291|284340,ANXA3|ATP12A|CYP24A1|ELF3|GJB3|ITGB6|KRT19|PKP1|S100P|SCNN1B|SCNN1G|SLC9A2|UPK1B|TSPAN1|TRIM29|EHF|FAM3B|RNF128|VTCN1|MAL2|CPXM2|RDH10|TMEM30B|CXCL17,-8.9,0
1,-11,M39018,M1,1,0,Cell Type Signatures,7,FAN EMBRYONIC CTX BIG GROUPS BRAIN ENDOTHELIAL,,-11,5.6,9.9,30211,365,367,25,6.8,1.3,290|477|928|1362|1800|2034|2040|2321|2701|2908|3791|3910|4854|5269|5327|7076|8490|8553|11343|23428|28984|51294|84293|84879|93663,ANPEP|ATP1A2|CD9|CPD|DPEP1|EPAS1|STOM|FLT1|GJA4|NR3C1|KDR|LAMA4|NOTCH3|SERPINB6|PLAT|TIMP1|RGS5|BHLHE40|MGLL|SLC7A8|RGCC|PCDH12|PRXL2A|MFSD2A|ARHGAP18,-8,0
1,-10,M39039,M1,1,0,Cell Type Signatures,7,FAN EMBRYONIC CTX BRAIN ENDOTHELIAL 1,,-10,4.9,9.1,30211,440,367,26,7.1,1.3,928|1317|1362|1728|1800|2006|2034|2321|3791|3910|4147|5358|5797|7076|8553|8848|10626|23428|28984|51294|53405|54873|55808|84293|84879|93663,CD9|SLC31A1|CPD|NQO1|DPEP1|ELN|EPAS1|FLT1|KDR|LAMA4|MATN2|PLS3|PTPRM|TIMP1|BHLHE40|TSC22D1|TRIM16|SLC7A8|RGCC|PCDH12|CLIC5|PALMD|ST6GALNAC1|PRXL2A|MFSD2A|ARHGAP18,-7.2,0
1,-10,M40010,M1,1,0,Cell Type Signatures,7,BUSSLINGER GASTRIC ISTHMUS CELLS,,-10,4.7,8.8,30211,458,367,26,7.1,1.3,302|645|822|1040|1510|1728|1999|2810|3880|5268|6286|6385|7076|7295|7430|8553|8870|9124|9168|10103|11343|23428|55500|79071|114569|259266,ANXA2|BLVRB|CAPG|CDS1|CTSE|NQO1|ELF3|SFN|KRT19|SERPINB5|S100P|SDC4|TIMP1|TXN|EZR|BHLHE40|IER3|PDLIM1|TMSB10|TSPAN1|MGLL|SLC7A8|ETNK1|ELOVL6|MAL2|ASPM,-6.9,0
1,-9.9,M39096,M1,1,0,Cell Type Signatures,7,ZHONG PFC C1 OPC,,-9.9,6.6,9.6,30211,238,367,19,5.2,1.2,672|899|994|3832|9133|9585|9787|11004|51053|54443|55706|55872|63901|79682|81610|81624|119392|221150|259266,BRCA1|CCNF|CDC25B|KIF11|CCNB2|KIF20B|DLGAP5|KIF2C|GMNN|ANLN|NDC1|PBK|FAM111A|CENPU|FAM83D|DIAPH3|SFR1|SKA3|ASPM,-6.9,0
1,-9.9,M39174,M1,1,0,Cell Type Signatures,7,MURARO PANCREAS ACINAR CELL,,-9.9,3.7,8.2,30211,731,367,33,9,1.5,290|445|467|645|1543|1999|2120|2628|2745|3606|4257|5269|5358|6385|6446|7295|8553|8878|9076|9124|9168|10144|26227|29968|51053|51704|54097|93663|114569|123036|157506|200634|284340,ANPEP|ASS1|ATF3|BLVRB|CYP1A1|ELF3|ETV6|GATM|GLRX|IL18|MGST1|SERPINB6|PLS3|SDC4|SGK1|TXN|BHLHE40|SQSTM1|CLDN1|PDLIM1|TMSB10|FAM13A|PHGDH|PSAT1|GMNN|GPRC5B|FAM3B|ARHGAP18|MAL2|TC2N|RDH10|KRTCAP3|CXCL17,-6.9,0
1,-9.8,M40234,M1,1,0,Cell Type Signatures,7,DESCARTES FETAL LIVER HEPATOBLASTS,,-9.8,4.4,8.6,30211,501,367,27,7.4,1.4,290|368|445|622|763|1356|2244|2731|3081|3484|3929|4257|5340|6564|7429|7498|8659|27329|29968|54873|55195|59272|79589|113220|116255|151647|338557,ANPEP|ABCC6|ASS1|BDH1|CA5A|CP|FGB|GLDC|HGD|IGFBP1|LBP|MGST1|PLG|SLC15A1|VIL1|XDH|ALDH4A1|ANGPTL3|PSAT1|PALMD|CCDC198|ACE2|RNF128|KIF12|MOGAT1|TAFA4|FFAR4,-6.9,0
1,-9.6,M41689,M1,1,0,Cell Type Signatures,7,TRAVAGLINI LUNG BASOPHIL MAST 1 CELL,,-9.6,6,9.2,30211,276,367,20,5.4,1.2,822|928|1439|2034|3606|3880|4013|4286|5327|5627|5743|8553|8848|8878|10955|11001|23075|83999|85414|93663,CAPG|CD9|CSF2RB|EPAS1|IL18|KRT19|VWA5A|MITF|PLAT|PROS1|PTGS2|BHLHE40|TSC22D1|SQSTM1|SERINC3|SLC27A2|SWAP70|KREMEN1|SLC45A3|ARHGAP18,-6.7,0
1,-9.5,M39128,M1,1,0,Cell Type Signatures,7,AIZARANI LIVER C29 MVECS 2,,-9.5,5.5,8.9,30211,313,367,21,5.7,1.2,2|302|652|660|928|1822|2034|2040|2321|4147|5269|7076|8611|8727|8848|9124|9168|23075|51299|54873|64129,A2M|ANXA2|BMP4|BMX|CD9|ATN1|EPAS1|STOM|FLT1|MATN2|SERPINB6|TIMP1|PLPP1|CTNNAL1|TSC22D1|PDLIM1|TMSB10|SWAP70|NRN1|PALMD|TINAGL1,-6.6,0
1,-9.4,M41655,M1,1,0,Cell Type Signatures,7,TRAVAGLINI LUNG GOBLET CELL,,-9.4,8.3,9.9,30211,148,367,15,4.1,1,445|479|1317|1356|2745|4257|4942|6286|6338|7076|55808|65268|79679|157506|284340,ASS1|ATP12A|SLC31A1|CP|GLRX|MGST1|OAT|S100P|SCNN1B|TIMP1|ST6GALNAC1|WNK2|VTCN1|RDH10|CXCL17,-6.5,0
1,-9.2,M39271,M1,1,0,Cell Type Signatures,7,HU FETAL RETINA RPE,,-9.2,5.6,8.8,30211,292,367,20,5.4,1.2,220|652|2006|3707|4257|4286|5358|6446|7422|7430|8553|8727|10144|23428|26249|29968|79674|84293|119587|245973,ALDH1A3|BMP4|ELN|ITPKB|MGST1|MITF|PLS3|SGK1|VEGFA|EZR|BHLHE40|CTNNAL1|FAM13A|SLC7A8|KLHL3|PSAT1|VEPH1|PRXL2A|CPXM2|ATP6V1C2,-6.4,0
1,-9,M39050,M1,1,0,Cell Type Signatures,7,MANNO MIDBRAIN NEUROTYPES HPERIC,,-9,3.4,7.7,30211,795,367,33,9,1.5,2|290|302|392|467|477|928|1390|1728|2034|2040|2701|2745|2908|3032|3707|3910|4854|5269|5327|5329|5358|5743|5797|7004|7076|8490|8840|9124|10144|10955|11343|116255,A2M|ANPEP|ANXA2|ARHGAP1|ATF3|ATP1A2|CD9|CREM|NQO1|EPAS1|STOM|GJA4|GLRX|NR3C1|HADHB|ITPKB|LAMA4|NOTCH3|SERPINB6|PLAT|PLAUR|PLS3|PTGS2|PTPRM|TEAD4|TIMP1|RGS5|CCN4|PDLIM1|FAM13A|SERINC3|MGLL|MOGAT1,-6.2,0
1,-8.7,M41679,M1,1,0,Cell Type Signatures,7,TRAVAGLINI LUNG MESOTHELIAL CELL,,-8.7,3.7,7.6,30211,649,367,29,7.9,1.4,220|306|822|1728|3484|3572|3606|3791|3880|4036|4257|5055|5292|6385|6446|7076|7295|7348|8727|9076|9168|9985|22943|23428|26227|60481|81579|84879|157506,ALDH1A3|ANXA3|CAPG|NQO1|IGFBP1|IL6ST|IL18|KDR|KRT19|LRP2|MGST1|SERPINB2|PIM1|SDC4|SGK1|TIMP1|TXN|UPK1B|CTNNAL1|CLDN1|TMSB10|REC8|DKK1|SLC7A8|PHGDH|ELOVL5|PLA2G12A|MFSD2A|RDH10,-5.9,0
1,-8.6,M40292,M1,1,0,Cell Type Signatures,7,DESCARTES FETAL SPLEEN MESOTHELIAL CELLS,,-8.6,6.8,8.9,30211,195,367,16,4.4,1.1,467|652|1993|3880|4036|5327|7076|7430|8553|8870|9985|23767|54507|114569|157869|374462,ATF3|BMP4|ELAVL2|KRT19|LRP2|PLAT|TIMP1|EZR|BHLHE40|IER3|REC8|FLRT3|ADAMTSL4|MAL2|SBSPON|PTPRQ,-5.9,0
1,-8.5,M41659,M1,1,0,Cell Type Signatures,7,TRAVAGLINI LUNG ALVEOLAR EPITHELIAL TYPE 1 CELL,,-8.5,4.6,8,30211,391,367,22,6,1.2,302|306|467|928|1410|2810|3606|3880|5358|5627|5743|6338|7422|10516|10626|11343|23705|28984|53405|60481|79589|157869,ANXA2|ANXA3|ATF3|CD9|CRYAB|SFN|IL18|KRT19|PLS3|PROS1|PTGS2|SCNN1B|VEGFA|FBLN5|TRIM16|MGLL|CADM1|RGCC|CLIC5|ELOVL5|RNF128|SBSPON,-5.8,0
1,-8.4,M39060,M1,1,0,Cell Type Signatures,7,MANNO MIDBRAIN NEUROTYPES HPROGFPL,,-8.4,5.1,8.2,30211,323,367,20,5.4,1.2,672|3832|4036|4171|4175|4897|8727|9133|9787|11004|26227|51053|54443|55872|79674|79682|81610|221150|259266|441631,BRCA1|KIF11|LRP2|MCM2|MCM6|NRCAM|CTNNAL1|CCNB2|DLGAP5|KIF2C|PHGDH|GMNN|ANLN|PBK|VEPH1|CENPU|FAM83D|SKA3|ASPM|TSPAN11,-5.7,0
1,-8.3,M39176,M1,1,0,Cell Type Signatures,7,MURARO PANCREAS ENDOTHELIAL CELL,,-8.3,4.8,8,30211,362,367,21,5.7,1.2,2|928|1439|1543|1728|2034|2040|2321|2889|3572|3791|3910|5214|6446|8490|8848|9168|11082|23075|28984|55691,A2M|CD9|CSF2RB|CYP1A1|NQO1|EPAS1|STOM|FLT1|RAPGEF1|IL6ST|KDR|LAMA4|PFKP|SGK1|RGS5|TSC22D1|TMSB10|ESM1|SWAP70|RGCC|FRMD4A,-5.7,0
1,-8.2,M39059,M1,1,0,Cell Type Signatures,7,MANNO MIDBRAIN NEUROTYPES HPROGBP,,-8.2,5.2,8.1,30211,300,367,19,5.2,1.2,672|3832|4036|4175|8727|9133|9787|11004|26227|51053|54443|55872|57633|79674|79682|81610|221150|259266|284217,BRCA1|KIF11|LRP2|MCM6|CTNNAL1|CCNB2|DLGAP5|KIF2C|PHGDH|GMNN|ANLN|PBK|LRRN1|VEPH1|CENPU|FAM83D|SKA3|ASPM|LAMA1,-5.6,0
1,-8.1,M39165,M1,1,0,Cell Type Signatures,7,GAO LARGE INTESTINE ADULT CH MKI67HIGH CELLS,,-8.1,9.2,9.5,30211,107,367,12,3.3,0.93,1993|3832|11004|51514|54443|54821|55388|55872|79075|81624|81691|221150,ELAVL2|KIF11|KIF2C|DTL|ANLN|ERCC6L|MCM10|PBK|DSCC1|DIAPH3|REXO5|SKA3,-5.5,0
1,-8.1,M39135,M1,1,0,Cell Type Signatures,7,AIZARANI LIVER C39 EPCAM POS BILE DUCT CELLS 4,,-8.1,6.7,8.6,30211,184,367,15,4.1,1,302|467|1410|1999|3880|5214|6385|7422|7430|8878|9076|9124|51704|57142|57552,ANXA2|ATF3|CRYAB|ELF3|KRT19|PFKP|SDC4|VEGFA|EZR|SQSTM1|CLDN1|PDLIM1|GPRC5B|RTN4|NCEH1,-5.4,0
1,-7.7,M39061,M1,1,0,Cell Type Signatures,7,MANNO MIDBRAIN NEUROTYPES HPROGFPM,,-7.7,4.6,7.6,30211,356,367,20,5.4,1.2,652|672|994|3832|3880|4036|4171|6860|8727|9133|9787|11004|26227|51053|54443|55872|79682|81610|221150|259266,BMP4|BRCA1|CDC25B|KIF11|KRT19|LRP2|MCM2|SYT4|CTNNAL1|CCNB2|DLGAP5|KIF2C|PHGDH|GMNN|ANLN|PBK|CENPU|FAM83D|SKA3|ASPM,-5.2,0
1,-7.7,M41652,M1,1,0,Cell Type Signatures,7,TRAVAGLINI LUNG PROXIMAL BASAL CELL,,-7.7,3.5,7.1,30211,629,367,27,7.4,1.4,159|379|822|928|1591|2034|2327|3030|3032|3880|4257|4942|5214|7295|8553|8848|9076|9124|23650|26227|26298|51053|54097|55287|55808|84293|282991,ADSS2|ARL4D|CAPG|CD9|CYP24A1|EPAS1|FMO2|HADHA|HADHB|KRT19|MGST1|OAT|PFKP|TXN|BHLHE40|TSC22D1|CLDN1|PDLIM1|TRIM29|PHGDH|EHF|GMNN|FAM3B|TMEM40|ST6GALNAC1|PRXL2A|BLOC1S2,-5.2,0
1,-7.7,M39103,M1,1,0,Cell Type Signatures,7,ZHONG PFC C1 MICROGLIA,,-7.7,5.4,7.9,30211,257,367,17,4.6,1.1,899|3832|4175|6491|8553|9133|9585|11004|51053|51660|54443|55872|63901|81610|81624|221150|259266,CCNF|KIF11|MCM6|STIL|BHLHE40|CCNB2|KIF20B|KIF2C|GMNN|MPC1|ANLN|PBK|FAM111A|FAM83D|DIAPH3|SKA3|ASPM,-5.1,0
1,-7.7,M39074,M1,1,0,Cell Type Signatures,7,ZHONG PFC MAJOR TYPES ASTROCYTES,,-7.7,4.8,7.7,30211,325,367,19,5.2,1.2,477|928|1910|2006|2628|3032|4854|4942|5269|6646|7076|10418|11343|26227|28984|29968|51704|60481|79674,ATP1A2|CD9|EDNRB|ELN|GATM|HADHB|NOTCH3|OAT|SERPINB6|SOAT1|TIMP1|SPON1|MGLL|PHGDH|RGCC|PSAT1|GPRC5B|ELOVL5|VEPH1,-5.1,0
1,-7.6,M39209,M1,1,0,Cell Type Signatures,7,HAY BONE MARROW STROMAL,,-7.6,3.2,6.9,30211,765,367,30,8.2,1.4,220|445|467|652|1136|1356|1410|1910|2034|2327|2674|3572|3694|3910|3929|4854|5358|5797|7005|8611|9358|11082|23767|51704|54873|55691|64129|84879|119587|140738,ALDH1A3|ASS1|ATF3|BMP4|CHRNA3|CP|CRYAB|EDNRB|EPAS1|FMO2|GFRA1|IL6ST|ITGB6|LAMA4|LBP|NOTCH3|PLS3|PTPRM|TEAD3|PLPP1|ITGBL1|ESM1|FLRT3|GPRC5B|PALMD|FRMD4A|TINAGL1|MFSD2A|CPXM2|TMEM37,-5.1,0
1,-7.5,M39284,M1,1,0,Cell Type Signatures,7,DURANTE ADULT OLFACTORY NEUROEPITHELIUM RESPIRATORY COLUMNAR CELLS,,-7.5,21,11,30211,28,367,7,1.9,0.71,302|928|1999|2034|2810|3880|7295,ANXA2|CD9|ELF3|EPAS1|SFN|KRT19|TXN,-4.9,0
1,-7.2,M39041,M1,1,0,Cell Type Signatures,7,FAN EMBRYONIC CTX MICROGLIA 1,,-7.2,6.9,8.2,30211,155,367,13,3.5,0.96,899|3832|9133|9585|9787|11004|54443|55872|63901|79682|81610|81624|259266,CCNF|KIF11|CCNB2|KIF20B|DLGAP5|KIF2C|ANLN|PBK|FAM111A|CENPU|FAM83D|DIAPH3|ASPM,-4.7,0
1,-7.2,M41690,M1,1,0,Cell Type Signatures,7,TRAVAGLINI LUNG BASOPHIL MAST 2 CELL,,-7.2,3.8,6.9,30211,502,367,23,6.3,1.3,822|928|1390|1439|2034|2355|3880|4013|4286|5269|5327|5329|5743|6446|7422|8553|8611|8848|8878|10955|23075|85414|93663,CAPG|CD9|CREM|CSF2RB|EPAS1|FOSL2|KRT19|VWA5A|MITF|SERPINB6|PLAT|PLAUR|PTGS2|SGK1|VEGFA|BHLHE40|PLPP1|TSC22D1|SQSTM1|SERINC3|SWAP70|SLC45A3|ARHGAP18,-4.7,0
1,-7.1,M41653,M1,1,0,Cell Type Signatures,7,TRAVAGLINI LUNG DIFFERENTIATING BASAL CELL,,-7.1,6.8,8.1,30211,157,367,13,3.5,0.96,445|2034|2327|3880|4942|5268|7348|8553|9076|10103|26298|54097|55808,ASS1|EPAS1|FMO2|KRT19|OAT|SERPINB5|UPK1B|BHLHE40|CLDN1|TSPAN1|EHF|FAM3B|ST6GALNAC1,-4.7,0
1,-6.9,M41743,M1,1,0,Cell Type Signatures,7,RUBENSTEIN SKELETAL MUSCLE ENDOTHELIAL CELLS,,-6.9,7.2,8.1,30211,137,367,12,3.3,0.93,2|306|2034|2040|2321|2327|5358|9124|9168|11343|28984|54873,A2M|ANXA3|EPAS1|STOM|FLT1|FMO2|PLS3|PDLIM1|TMSB10|MGLL|RGCC|PALMD,-4.5,0
1,-6.9,M39122,M1,1,0,Cell Type Signatures,7,AIZARANI LIVER C21 STELLATE CELLS 1,,-6.9,5.9,7.7,30211,194,367,14,3.8,1,1410|1822|1910|2034|4147|4286|5627|5768|7076|8848|8870|10516|119587|125050,CRYAB|ATN1|EDNRB|EPAS1|MATN2|MITF|PROS1|QSOX1|TIMP1|TSC22D1|IER3|FBLN5|CPXM2|RN7SK,-4.5,0
1,-6.9,M40012,M1,1,0,Cell Type Signatures,7,BUSSLINGER GASTRIC IMMATURE PIT CELLS,,-6.9,6.5,7.8,30211,165,367,13,3.5,0.96,645|822|1510|1728|2810|3880|6286|7295|10103|11343|23428|55500|114569,BLVRB|CAPG|CTSE|NQO1|SFN|KRT19|S100P|TXN|TSPAN1|MGLL|SLC7A8|ETNK1|MAL2,-4.5,0
1,-6.8,M41713,M1,1,0,Cell Type Signatures,7,FAN OVARY CL11 MURAL GRANULOSA CELL,,-6.8,3.9,6.8,30211,443,367,21,5.7,1.2,467|2355|2628|3572|5292|5327|5732|6446|8727|9124|9168|23261|51053|55500|56987|57142|60481|81579|84263|93663|200879,ATF3|FOSL2|GATM|IL6ST|PIM1|PLAT|PTGER2|SGK1|CTNNAL1|PDLIM1|TMSB10|CAMTA1|GMNN|ETNK1|BBX|RTN4|ELOVL5|PLA2G12A|HSDL2|ARHGAP18|LIPH,-4.4,0
1,-6.8,M40004,M1,1,0,Cell Type Signatures,7,BUSSLINGER ESOPHAGEAL LATE SUPRABASAL CELLS,,-6.8,7.1,8,30211,140,367,12,3.3,0.93,302|2327|5055|5317|7295|7430|9168|11343|23650|54097|114569|284340,ANXA2|FMO2|SERPINB2|PKP1|TXN|EZR|TMSB10|MGLL|TRIM29|FAM3B|MAL2|CXCL17,-4.4,0
1,-6.6,M39256,M1,1,0,Cell Type Signatures,7,MENON FETAL KIDNEY 6 COLLECTING DUCT CELLS,,-6.6,8.8,8.4,30211,94,367,10,2.7,0.85,231|302|928|3880|7430|8848|55195|57142|114569|157506,AKR1B1|ANXA2|CD9|KRT19|EZR|TSC22D1|CCDC198|RTN4|MAL2|RDH10,-4.3,0
1,-6.5,M40028,M1,1,0,Cell Type Signatures,7,BUSSLINGER DUODENAL LATE IMMATURE ENTEROCYTES,,-6.5,6,7.5,30211,177,367,13,3.5,0.96,290|795|1543|2628|2745|3030|3032|4942|6564|7498|53405|57142|59272,ANPEP|S100G|CYP1A1|GATM|GLRX|HADHA|HADHB|OAT|SLC15A1|XDH|CLIC5|RTN4|ACE2,-4.2,0
1,-6.5,M39175,M1,1,0,Cell Type Signatures,7,MURARO PANCREAS MESENCHYMAL STROMAL CELL,,-6.5,3.1,6.3,30211,680,367,26,7.1,1.3,2|302|1728|1910|2034|2908|3910|4257|4643|4854|4942|5327|5329|5358|5743|7076|7295|8553|8840|8870|9168|10418|26227|29968|59345|140809,A2M|ANXA2|NQO1|EDNRB|EPAS1|NR3C1|LAMA4|MGST1|MYO1E|NOTCH3|OAT|PLAT|PLAUR|PLS3|PTGS2|TIMP1|TXN|BHLHE40|CCN4|IER3|TMSB10|SPON1|PHGDH|PSAT1|GNB4|SRXN1,-4.2,0
1,-6.4,M41656,M1,1,0,Cell Type Signatures,7,TRAVAGLINI LUNG MUCOUS CELL,,-6.4,7.2,7.8,30211,125,367,11,3,0.89,220|290|445|479|1356|1362|3791|5172|6286|7076|157506,ALDH1A3|ANPEP|ASS1|ATP12A|CP|CPD|KDR|SLC26A4|S100P|TIMP1|RDH10,-4.1,0
1,-6.3,M39125,M1,1,0,Cell Type Signatures,7,AIZARANI LIVER C24 EPCAM POS BILE DUCT CELLS 3,,-6.3,5.8,7.2,30211,185,367,13,3.5,0.96,290|302|467|1410|1728|1999|3880|6385|7295|7430|9076|79679|114569,ANPEP|ANXA2|ATF3|CRYAB|NQO1|ELF3|KRT19|SDC4|TXN|EZR|CLDN1|VTCN1|MAL2,-4,0
1,-6.3,M39111,M1,1,0,Cell Type Signatures,7,AIZARANI LIVER C7 EPCAM POS BILE DUCT CELLS 2,,-6.3,5.3,7,30211,219,367,14,3.8,1,290|302|306|467|1410|1999|3880|6385|7422|9076|55195|65268|79674|113220,ANPEP|ANXA2|ANXA3|ATF3|CRYAB|ELF3|KRT19|SDC4|VEGFA|CLDN1|CCDC198|WNK2|VEPH1|KIF12,-4,0
1,-6.3,M39054,M1,1,0,Cell Type Signatures,7,MANNO MIDBRAIN NEUROTYPES HRGL2B,,-6.3,3.7,6.4,30211,440,367,20,5.4,1.2,477|672|1410|1910|2006|2628|3707|3832|4036|4257|11004|26227|51660|55872|57633|79674|80258|84263|113026|202151,ATP1A2|BRCA1|CRYAB|EDNRB|ELN|GATM|ITPKB|KIF11|LRP2|MGST1|KIF2C|PHGDH|MPC1|PBK|LRRN1|VEPH1|EFHC2|HSDL2|PLCD3|RANBP3L,-4,0
1,-6.2,M41651,M1,1,0,Cell Type Signatures,7,TRAVAGLINI LUNG BASAL CELL,,-6.2,5.7,7.2,30211,188,367,13,3.5,0.96,302|928|1591|2034|2810|4942|5268|5317|7076|8848|9076|9124|64129,ANXA2|CD9|CYP24A1|EPAS1|SFN|OAT|SERPINB5|PKP1|TIMP1|TSC22D1|CLDN1|PDLIM1|TINAGL1,-4,0
1,-6.1,M39056,M1,1,0,Cell Type Signatures,7,MANNO MIDBRAIN NEUROTYPES HRGL3,,-6.1,3.3,6.2,30211,574,367,23,6.3,1.3,302|467|477|1410|1910|2628|2908|3707|4036|4257|4897|5269|7430|10418|10516|23767|26227|29968|79674|80258|84263|119587|202151,ANXA2|ATF3|ATP1A2|CRYAB|EDNRB|GATM|NR3C1|ITPKB|LRP2|MGST1|NRCAM|SERPINB6|EZR|SPON1|FBLN5|FLRT3|PHGDH|PSAT1|VEPH1|EFHC2|HSDL2|CPXM2|RANBP3L,-3.9,0
1,-6.1,M40013,M1,1,0,Cell Type Signatures,7,BUSSLINGER GASTRIC MATURE PIT CELLS,,-6.1,5.1,6.9,30211,224,367,14,3.8,1,1510|1728|1999|3880|6286|7422|7430|10103|11343|23428|51495|55500|79589|114569,CTSE|NQO1|ELF3|KRT19|S100P|VEGFA|EZR|TSPAN1|MGLL|SLC7A8|HACD3|ETNK1|RNF128|MAL2,-3.9,0
1,-6.1,M39020,M1,1,0,Cell Type Signatures,7,FAN EMBRYONIC CTX BIG GROUPS GLIAL,,-6.1,6.8,7.4,30211,133,367,11,3,0.89,477|928|1910|2628|4942|7076|10418|26227|29968|51495|84293,ATP1A2|CD9|EDNRB|GATM|OAT|TIMP1|SPON1|PHGDH|PSAT1|HACD3|PRXL2A,-3.9,0
1,-6.1,M41697,M1,1,0,Cell Type Signatures,7,TRAVAGLINI LUNG EREG DENDRITIC CELL,,-6.1,3.3,6.1,30211,579,367,23,6.3,1.3,2|290|302|467|1390|2034|2120|4688|5329|5768|6385|6446|6646|7076|7422|8870|9123|9168|28984|57142|84803|93663|117247,A2M|ANPEP|ANXA2|ATF3|CREM|EPAS1|ETV6|NCF2|PLAUR|QSOX1|SDC4|SGK1|SOAT1|TIMP1|VEGFA|IER3|SLC16A3|TMSB10|RGCC|RTN4|GPAT3|ARHGAP18|SLC16A10,-3.8,0
1,-6,M41719,M1,1,0,Cell Type Signatures,7,FAN OVARY CL17 PUTATIVE APOPTOTIC SMOOTH MUSCLE CELL,,-6,5,6.7,30211,231,367,14,3.8,1,2|467|928|1390|1410|2034|2040|2701|4942|8490|8848|8870|8878|64129,A2M|ATF3|CD9|CREM|CRYAB|EPAS1|STOM|GJA4|OAT|RGS5|TSC22D1|IER3|SQSTM1|TINAGL1,-3.8,0
1,-6,M40158,M1,1,0,Cell Type Signatures,7,DESCARTES FETAL CEREBELLUM VASCULAR ENDOTHELIAL CELLS,,-6,3.1,6,30211,633,367,24,6.5,1.3,290|1800|2034|2321|2355|2701|3791|4854|5358|6286|7004|7076|8490|8553|9124|28984|51294|53405|54873|55808|64129|84879|93663|140738,ANPEP|DPEP1|EPAS1|FLT1|FOSL2|GJA4|KDR|NOTCH3|PLS3|S100P|TEAD4|TIMP1|RGS5|BHLHE40|PDLIM1|RGCC|PCDH12|CLIC5|PALMD|ST6GALNAC1|TINAGL1|MFSD2A|ARHGAP18|TMEM37,-3.8,0
1,-5.9,M39036,M1,1,0,Cell Type Signatures,7,FAN EMBRYONIC CTX NSC 2,,-5.9,4.9,6.7,30211,233,367,14,3.8,1,899|994|3832|6491|9133|9585|9787|11004|55872|81610|81624|81691|221150|259266,CCNF|CDC25B|KIF11|STIL|CCNB2|KIF20B|DLGAP5|KIF2C|PBK|FAM83D|DIAPH3|REXO5|SKA3|ASPM,-3.7,0
1,-5.9,M39153,M1,1,0,Cell Type Signatures,7,GAO LARGE INTESTINE 24W C2 MKI67POS PROGENITOR,,-5.9,7.3,7.4,30211,113,367,10,2.7,0.85,2321|3791|9133|9585|9787|28984|51299|54443|54873|259266,FLT1|KDR|CCNB2|KIF20B|DLGAP5|RGCC|NRN1|ANLN|PALMD|ASPM,-3.7,0
1,-5.9,M39322,M1,1,0,Cell Type Signatures,7,CUI DEVELOPING HEART VALVAR ENDOTHELIAL CELL,,-5.9,6.4,7.2,30211,141,367,11,3,0.89,231|467|928|1410|2355|5179|5327|5743|8490|9124|54829,AKR1B1|ATF3|CD9|CRYAB|FOSL2|PENK|PLAT|PTGS2|RGS5|PDLIM1|ASPN,-3.7,0
1,-5.8,M39078,M1,1,0,Cell Type Signatures,7,ZHONG PFC MAJOR TYPES NPCS,,-5.8,6.4,7.1,30211,142,367,11,3,0.89,3832|4171|4175|9133|9787|11004|26227|51053|55872|79682|259266,KIF11|MCM2|MCM6|CCNB2|DLGAP5|KIF2C|PHGDH|GMNN|PBK|CENPU|ASPM,-3.7,0
1,-5.8,M41669,M1,1,0,Cell Type Signatures,7,TRAVAGLINI LUNG BRONCHIAL VESSEL 2 CELL,,-5.8,4.5,6.5,30211,272,367,15,4.1,1,2|467|1356|2040|2120|2327|2355|5292|5329|8553|8848|11343|23075|28984|54873,A2M|ATF3|CP|STOM|ETV6|FMO2|FOSL2|PIM1|PLAUR|BHLHE40|TSC22D1|MGLL|SWAP70|RGCC|PALMD,-3.7,0
1,-5.8,M39055,M1,1,0,Cell Type Signatures,7,MANNO MIDBRAIN NEUROTYPES HRGL2A,,-5.8,3.2,5.9,30211,600,367,23,6.3,1.3,477|1410|1910|2006|2040|2628|3910|4036|4257|4942|7430|23767|26227|29968|51660|51704|79674|80258|84263|113026|119587|123036|202151,ATP1A2|CRYAB|EDNRB|ELN|STOM|GATM|LAMA4|LRP2|MGST1|OAT|EZR|FLRT3|PHGDH|PSAT1|MPC1|GPRC5B|VEPH1|EFHC2|HSDL2|PLCD3|CPXM2|TC2N|RANBP3L,-3.7,0
1,-5.7,M39302,M1,1,0,Cell Type Signatures,7,CUI DEVELOPING HEART C5 VALVAR CELL,,-5.7,5.1,6.7,30211,208,367,13,3.5,0.96,467|928|2006|4147|4897|4942|5179|5743|8490|8727|8848|8870|54829,ATF3|CD9|ELN|MATN2|NRCAM|OAT|PENK|PTGS2|RGS5|CTNNAL1|TSC22D1|IER3|ASPN,-3.6,0
1,-5.7,M41677,M1,1,0,Cell Type Signatures,7,TRAVAGLINI LUNG LIPOFIBROBLAST CELL,,-5.7,6.2,7,30211,146,367,11,3,0.89,220|1390|5292|5329|5627|6446|7076|7422|9168|60481|157506,ALDH1A3|CREM|PIM1|PLAUR|PROS1|SGK1|TIMP1|VEGFA|TMSB10|ELOVL5|RDH10,-3.6,0
1,-5.6,M39273,M1,1,0,Cell Type Signatures,7,DURANTE ADULT OLFACTORY NEUROEPITHELIUM RESPIRATORY HORIZONTAL BASAL CELLS,,-5.6,15,8.9,30211,33,367,6,1.6,0.66,302|928|1999|2810|3880|5268,ANXA2|CD9|ELF3|SFN|KRT19|SERPINB5,-3.5,0
1,-5.6,M39170,M1,1,0,Cell Type Signatures,7,MURARO PANCREAS DELTA CELL,,-5.6,4.6,6.4,30211,250,367,14,3.8,1,379|928|1390|3087|4013|6860|9498|11123|23705|26298|26999|80206|114134|338557,ARL4D|CD9|CREM|HHEX|VWA5A|SYT4|SLC4A8|RCAN3|CADM1|EHF|CYFIP2|FHOD3|SLC2A13|FFAR4,-3.5,0
1,-5.5,M40145,M1,1,0,Cell Type Signatures,7,DESCARTES FETAL ADRENAL CSH1 CSH2 POSITIVE CELLS,,-5.5,4.9,6.4,30211,218,367,13,3.5,0.96,306|445|467|3694|4036|5055|6286|8659|23650|53405|54097|84879|245973,ANXA3|ASS1|ATF3|ITGB6|LRP2|SERPINB2|S100P|ALDH4A1|TRIM29|CLIC5|FAM3B|MFSD2A|ATP6V1C2,-3.4,0
1,-5.5,M39203,M1,1,0,Cell Type Signatures,7,HAY BONE MARROW NEUTROPHIL,,-5.5,3.5,5.9,30211,449,367,19,5.2,1.2,290|302|523|822|1362|2355|4257|4688|5055|5329|5743|5768|6286|6646|8643|9123|9168|10159|84803,ANPEP|ANXA2|ATP6V1A|CAPG|CPD|FOSL2|MGST1|NCF2|SERPINB2|PLAUR|PTGS2|QSOX1|S100P|SOAT1|PTCH2|SLC16A3|TMSB10|ATP6AP2|GPAT3,-3.4,0
1,-5.5,M39210,M1,1,0,Cell Type Signatures,7,ZHENG CORD BLOOD C1 PUTATIVE MEGAKARYOCYTE PROGENITOR,,-5.5,7.6,7.2,30211,98,367,9,2.5,0.81,928|2040|5627|9124|10855|29094|55287|55872|93663,CD9|STOM|PROS1|PDLIM1|HPSE|LGALSL|TMEM40|PBK|ARHGAP18,-3.4,0
1,-5.5,M39132,M1,1,0,Cell Type Signatures,7,AIZARANI LIVER C33 STELLATE CELLS 2,,-5.5,6.5,6.9,30211,126,367,10,2.7,0.85,2|1410|1822|2034|2701|4854|5327|5358|8490|8848,A2M|CRYAB|ATN1|EPAS1|GJA4|NOTCH3|PLAT|PLS3|RGS5|TSC22D1,-3.4,0
1,-5.5,M39295,M1,1,0,Cell Type Signatures,7,DURANTE ADULT OLFACTORY NEUROEPITHELIUM OLFACTORY MICROVILLAR CELLS,,-5.5,11,8,30211,53,367,7,1.9,0.71,231|523|660|928|4257|6338|54097,AKR1B1|ATP6V1A|BMX|CD9|MGST1|SCNN1B|FAM3B,-3.4,0
1,-5.4,M39294,M1,1,0,Cell Type Signatures,7,DURANTE ADULT OLFACTORY NEUROEPITHELIUM MAST CELLS,,-5.4,8.8,7.5,30211,75,367,8,2.2,0.76,822|1390|4013|5329|5743|6446|85414|93663,CAPG|CREM|VWA5A|PLAUR|PTGS2|SGK1|SLC45A3|ARHGAP18,-3.4,0
1,-5.4,M40271,M1,1,0,Cell Type Signatures,7,DESCARTES FETAL PANCREAS DUCTAL CELLS,,-5.4,6.4,6.8,30211,128,367,10,2.7,0.85,479|1999|7348|26298|51053|55195|65268|79674|79679|284217,ATP12A|ELF3|UPK1B|EHF|GMNN|CCDC198|WNK2|VEPH1|VTCN1|LAMA1,-3.3,0
1,-5.4,M41675,M1,1,0,Cell Type Signatures,7,TRAVAGLINI LUNG ADVENTITIAL FIBROBLAST CELL,,-5.4,4.2,6.1,30211,296,367,15,4.1,1,220|302|4147|4257|5292|5327|5329|5627|7076|7422|10516|26227|57142|119587|157506,ALDH1A3|ANXA2|MATN2|MGST1|PIM1|PLAT|PLAUR|PROS1|TIMP1|VEGFA|FBLN5|PHGDH|RTN4|CPXM2|RDH10,-3.3,0
1,-5.4,M41666,M1,1,0,Cell Type Signatures,7,TRAVAGLINI LUNG CAPILLARY INTERMEDIATE 1 CELL,,-5.4,5.7,6.6,30211,158,367,11,3,0.89,306|1910|5269|6446|9124|28984|51294|57142|64129|83988|129642,ANXA3|EDNRB|SERPINB6|SGK1|PDLIM1|RGCC|PCDH12|RTN4|TINAGL1|NCALD|MBOAT2,-3.3,0
1,-5.4,M39108,M1,1,0,Cell Type Signatures,7,AIZARANI LIVER C4 EPCAM POS BILE DUCT CELLS 1,,-5.4,5.2,6.4,30211,191,367,12,3.3,0.93,290|467|1362|1410|1999|6385|7422|9076|11343|26227|55195|113220,ANPEP|ATF3|CPD|CRYAB|ELF3|SDC4|VEGFA|CLDN1|MGLL|PHGDH|CCDC198|KIF12,-3.3,0
1,-5.3,M39321,M1,1,0,Cell Type Signatures,7,CUI DEVELOPING HEART VASCULAR ENDOTHELIAL CELL,,-5.3,5.1,6.4,30211,193,367,12,3.3,0.93,445|2006|8490|8553|8848|10516|23075|23428|54097|54829|81621|119587,ASS1|ELN|RGS5|BHLHE40|TSC22D1|FBLN5|SWAP70|SLC7A8|FAM3B|ASPN|KAZALD1|CPXM2,-3.3,0
1,-5.2,M41691,M1,1,0,Cell Type Signatures,7,TRAVAGLINI LUNG PLATELET MEGAKARYOCYTE CELL,,-5.2,3,5.5,30211,604,367,22,6,1.2,928|1356|1999|2040|3081|3087|3880|5627|6385|8848|8878|9124|10103|11343|23261|29094|55287|57142|81579|93663|133690|284340,CD9|CP|ELF3|STOM|HGD|HHEX|KRT19|PROS1|SDC4|TSC22D1|SQSTM1|PDLIM1|TSPAN1|MGLL|CAMTA1|LGALSL|TMEM40|RTN4|PLA2G12A|ARHGAP18|CAPSL|CXCL17,-3.2,0
1,-5.2,M39058,M1,1,0,Cell Type Signatures,7,MANNO MIDBRAIN NEUROTYPES HPROGM,,-5.2,4,5.9,30211,307,367,15,4.1,1,159|652|672|3832|4036|4171|4897|6385|9133|10144|26227|55872|79682|221150|441631,ADSS2|BMP4|BRCA1|KIF11|LRP2|MCM2|NRCAM|SDC4|CCNB2|FAM13A|PHGDH|PBK|CENPU|SKA3|TSPAN11,-3.2,0
1,-5.1,M41692,M1,1,0,Cell Type Signatures,7,TRAVAGLINI LUNG MACROPHAGE CELL,,-5.1,4.9,6.2,30211,201,367,12,3.3,0.93,290|302|822|928|4257|4688|5329|5768|6385|9124|28984|57142,ANPEP|ANXA2|CAPG|CD9|MGST1|NCF2|PLAUR|QSOX1|SDC4|PDLIM1|RGCC|RTN4,-3.1,0
1,-5.1,M40275,M1,1,0,Cell Type Signatures,7,DESCARTES FETAL PLACENTA PAEP MECOM POSITIVE CELLS,,-5.1,5.4,6.3,30211,169,367,11,3,0.89,1356|2810|3929|5801|6564|8999|10103|26298|79679|79820|113220,CP|SFN|LBP|PTPRR|SLC15A1|CDKL2|TSPAN1|EHF|VTCN1|CATSPERB|KIF12,-3.1,0
1,-5.1,M39236,M1,1,0,Cell Type Signatures,7,LAKE ADULT KIDNEY C17 COLLECTING SYSTEM PCS STRESSED DISSOC SUBSET,,-5.1,4.5,6,30211,240,367,13,3.5,0.96,132|467|1999|3572|3880|4642|4643|7430|8878|57142|57492|60481|80206,ADK|ATF3|ELF3|IL6ST|KRT19|MYO1D|MYO1E|EZR|SQSTM1|RTN4|ARID1B|ELOVL5|FHOD3,-3.1,0
1,-5,M39255,M1,1,0,Cell Type Signatures,7,MENON FETAL KIDNEY 5 PROXIMAL TUBULE CELLS,,-5,6.6,6.6,30211,112,367,9,2.5,0.81,1803|3030|4036|7295|10591|11001|23767|55195|57142,DPP4|HADHA|LRP2|TXN|DNPH1|SLC27A2|FLRT3|CCDC198|RTN4,-3,0
1,-5,M39051,M1,1,0,Cell Type Signatures,7,MANNO MIDBRAIN NEUROTYPES HMGL,,-5,3,5.4,30211,577,367,21,5.7,1.2,2|467|645|822|1390|2040|2628|2745|2908|3087|3572|3606|4688|5329|5743|6446|8878|10855|51294|59345|219855,A2M|ATF3|BLVRB|CAPG|CREM|STOM|GATM|GLRX|NR3C1|HHEX|IL6ST|IL18|NCF2|PLAUR|PTGS2|SGK1|SQSTM1|HPSE|PCDH12|GNB4|SLC37A2,-3,0
1,-5,M39117,M1,1,0,Cell Type Signatures,7,AIZARANI LIVER C13 LSECS 2,,-5,4.1,5.8,30211,283,367,14,3.8,1,2|290|1910|2034|2321|2701|3572|3791|6446|7076|9124|23428|64129|140738,A2M|ANPEP|EDNRB|EPAS1|FLT1|GJA4|IL6ST|KDR|SGK1|TIMP1|PDLIM1|SLC7A8|TINAGL1|TMEM37,-3,0
1,-5,M41700,M1,1,0,Cell Type Signatures,7,TRAVAGLINI LUNG OLR1 CLASSICAL MONOCYTE CELL,,-5,2.7,5.2,30211,726,367,24,6.5,1.3,290|302|467|1362|2034|2120|2321|2355|2889|3572|4688|5329|5732|5743|7076|7422|8870|9123|10855|28984|57142|59345|64005|117247,ANPEP|ANXA2|ATF3|CPD|EPAS1|ETV6|FLT1|FOSL2|RAPGEF1|IL6ST|NCF2|PLAUR|PTGER2|PTGS2|TIMP1|VEGFA|IER3|SLC16A3|HPSE|RGCC|RTN4|GNB4|MYO1G|SLC16A10,-3,0
1,-4.9,M39187,M1,1,0,Cell Type Signatures,7,HAY BONE MARROW CD34 POS MKP,,-4.9,9.1,7.2,30211,63,367,7,1.9,0.71,306|2701|7004|11343|22943|80258|116931,ANXA3|GJA4|TEAD4|MGLL|DKK1|EFHC2|MED12L,-3,0
1,-4.9,M39053,M1,1,0,Cell Type Signatures,7,MANNO MIDBRAIN NEUROTYPES HRGL2C,,-4.9,3.8,5.6,30211,326,367,15,4.1,1,1910|2006|2628|3707|4257|5327|9508|23154|26227|29968|51660|55872|145773|221150|284217,EDNRB|ELN|GATM|ITPKB|MGST1|PLAT|ADAMTS3|NCDN|PHGDH|PSAT1|MPC1|PBK|FAM81A|SKA3|LAMA1,-2.9,0
1,-4.8,M39225,M1,1,0,Cell Type Signatures,7,LAKE ADULT KIDNEY C6 PROXIMAL TUBULE EPITHELIAL CELLS FIBRINOGEN POS S3,,-4.8,5,6,30211,181,367,11,3,0.89,1410|2244|2628|2745|4036|4257|7430|8878|9168|11001|22978,CRYAB|FGB|GATM|GLRX|LRP2|MGST1|EZR|SQSTM1|TMSB10|SLC27A2|NT5C2,-2.9,0
1,-4.8,M40299,M1,1,0,Cell Type Signatures,7,DESCARTES FETAL STOMACH SQUAMOUS EPITHELIAL CELLS,,-4.8,8.6,6.9,30211,67,367,7,1.9,0.71,2707|2810|5055|5268|5317|6338|55287,GJB3|SFN|SERPINB2|SERPINB5|PKP1|SCNN1B|TMEM40,-2.9,0
1,-4.7,M39239,M1,1,0,Cell Type Signatures,7,LAKE ADULT KIDNEY C20 COLLECTING DUCT INTERCALATED CELLS TYPE A CORTEX,,-4.7,5.4,6.1,30211,152,367,10,2.7,0.85,523|767|3606|4642|6641|7430|84803|92949|93663|245973,ATP6V1A|CA8|IL18|MYO1D|SNTB1|EZR|GPAT3|ADAMTSL1|ARHGAP18|ATP6V1C2,-2.8,0
1,-4.7,M39034,M1,1,0,Cell Type Signatures,7,FAN EMBRYONIC CTX ASTROCYTE 2,,-4.7,5.4,6,30211,153,367,10,2.7,0.85,477|1910|3910|4257|4897|4942|7430|10418|51495|284217,ATP1A2|EDNRB|LAMA4|MGST1|NRCAM|OAT|EZR|SPON1|HACD3|LAMA1,-2.8,0
1,-4.7,M40029,M1,1,0,Cell Type Signatures,7,BUSSLINGER DUODENAL MATURE ENTEROCYTES,,-4.7,4.1,5.6,30211,259,367,13,3.5,0.96,290|795|1510|1543|5214|6446|6564|7422|7430|11343|59272|84803|84879,ANPEP|S100G|CTSE|CYP1A1|PFKP|SGK1|SLC15A1|VEGFA|EZR|MGLL|ACE2|GPAT3|MFSD2A,-2.8,0
1,-4.7,M39231,M1,1,0,Cell Type Signatures,7,LAKE ADULT KIDNEY C12 THICK ASCENDING LIMB,,-4.7,3.5,5.4,30211,381,367,16,4.4,1.1,1950|3030|3032|4897|6385|9168|10144|23705|26999|51660|55351|79674|84293|113220|140738|202151,EGF|HADHA|HADHB|NRCAM|SDC4|TMSB10|FAM13A|CADM1|CYFIP2|MPC1|STK32B|VEPH1|PRXL2A|KIF12|TMEM37|RANBP3L,-2.8,0
1,-4.7,M39037,M1,1,0,Cell Type Signatures,7,FAN EMBRYONIC CTX OLIG,,-4.7,2.6,5,30211,754,367,24,6.5,1.3,825|928|1362|1410|2120|3572|3707|4286|4642|4643|5327|8611|9514|10382|23158|51660|51704|54443|56987|57142|79071|85414|85465|282991,CAPN3|CD9|CPD|CRYAB|ETV6|IL6ST|ITPKB|MITF|MYO1D|MYO1E|PLAT|PLPP1|GAL3ST1|TUBB4A|TBC1D9|MPC1|GPRC5B|ANLN|BBX|RTN4|ELOVL6|SLC45A3|SELENOI|BLOC1S2,-2.8,0
1,-4.7,M40287,M1,1,0,Cell Type Signatures,7,DESCARTES FETAL SPLEEN AFP ALB POSITIVE CELLS,,-4.7,4.8,5.8,30211,188,367,11,3,0.89,368|2244|2628|2731|3484|3929|4257|5340|8659|11001|27329,ABCC6|FGB|GATM|GLDC|IGFBP1|LBP|MGST1|PLG|ALDH4A1|SLC27A2|ANGPTL3,-2.8,0
1,-4.7,M39278,M1,1,0,Cell Type Signatures,7,DURANTE ADULT OLFACTORY NEUROEPITHELIUM SUSTENTACULAR CELLS,,-4.7,11,7.2,30211,47,367,6,1.6,0.66,1999|3880|4257|6286|10103|284340,ELF3|KRT19|MGST1|S100P|TSPAN1|CXCL17,-2.8,0
1,-4.6,M39131,M1,1,0,Cell Type Signatures,7,AIZARANI LIVER C32 MVECS 3,,-4.6,5.9,6.1,30211,125,367,9,2.5,0.81,660|2034|3572|4147|6446|8553|8848|9124|9168,BMX|EPAS1|IL6ST|MATN2|SGK1|BHLHE40|TSC22D1|PDLIM1|TMSB10,-2.8,0
1,-4.6,M39118,M1,1,0,Cell Type Signatures,7,AIZARANI LIVER C14 HEPATOCYTES 2,,-4.6,4.4,5.6,30211,226,367,12,3.3,0.93,445|1356|2244|2628|3081|3484|3929|4257|5340|8659|27329|51660,ASS1|CP|FGB|GATM|HGD|IGFBP1|LBP|MGST1|PLG|ALDH4A1|ANGPTL3|MPC1,-2.8,0
1,-4.5,M41687,M1,1,0,Cell Type Signatures,7,TRAVAGLINI LUNG PROLIFERATING NK T CELL,,-4.5,5.7,6,30211,129,367,9,2.5,0.81,4175|11004|51053|51514|55388|79682|81624|221150|259266,MCM6|KIF2C|GMNN|DTL|MCM10|CENPU|DIAPH3|SKA3|ASPM,-2.7,0
1,-4.5,M39077,M1,1,0,Cell Type Signatures,7,ZHONG PFC MAJOR TYPES MICROGLIA,,-4.5,3.2,5.1,30211,438,367,17,4.6,1.1,2|645|2040|2628|2908|3572|5269|6446|8870|8934|10591|23075|23428|55691|59345|84329|116931,A2M|BLVRB|STOM|GATM|NR3C1|IL6ST|SERPINB6|SGK1|IER3|RAB29|DNPH1|SWAP70|SLC7A8|FRMD4A|GNB4|HVCN1|MED12L,-2.7,0
1,-4.5,M40316,M1,1,0,Cell Type Signatures,7,DESCARTES FETAL THYMUS VASCULAR ENDOTHELIAL CELLS,,-4.5,5.7,5.9,30211,131,367,9,2.5,0.81,2|1950|2034|2040|2321|2701|3791|51299|54873,A2M|EGF|EPAS1|STOM|FLT1|GJA4|KDR|NRN1|PALMD,-2.6,0
1,-4.3,M39237,M1,1,0,Cell Type Signatures,7,LAKE ADULT KIDNEY C18 COLLECTING DUCT PRINCIPAL CELLS MEDULLA,,-4.3,3.6,5.2,30211,322,367,14,3.8,1,231|302|523|928|1390|1410|3030|3880|9168|10103|51495|57142|114569|157506,AKR1B1|ANXA2|ATP6V1A|CD9|CREM|CRYAB|HADHA|KRT19|TMSB10|TSPAN1|HACD3|RTN4|MAL2|RDH10,-2.5,0
1,-4.3,M39238,M1,1,0,Cell Type Signatures,7,LAKE ADULT KIDNEY C19 COLLECTING DUCT INTERCALATED CELLS TYPE A MEDULLA,,-4.3,3.5,5.1,30211,326,367,14,3.8,1,302|523|928|1410|3030|3032|3606|6641|7430|10103|10159|57142|93663|129642,ANXA2|ATP6V1A|CD9|CRYAB|HADHA|HADHB|IL18|SNTB1|EZR|TSPAN1|ATP6AP2|RTN4|ARHGAP18|MBOAT2,-2.5,0
1,-4.2,M41750,M1,1,0,Cell Type Signatures,7,RUBENSTEIN SKELETAL MUSCLE FBN1 FAP CELLS,,-4.2,3.7,5.1,30211,289,367,13,3.5,0.96,220|302|379|2006|3572|4257|4942|7076|7295|8611|10516|51660|57142,ALDH1A3|ANXA2|ARL4D|ELN|IL6ST|MGST1|OAT|TIMP1|TXN|PLPP1|FBLN5|MPC1|RTN4,-2.4,0
1,-4.2,M41744,M1,1,0,Cell Type Signatures,7,RUBENSTEIN SKELETAL MUSCLE PERICYTES,,-4.2,5.1,5.5,30211,144,367,9,2.5,0.81,928|2701|4854|7076|8490|9124|54829|64129|84293,CD9|GJA4|NOTCH3|TIMP1|RGS5|PDLIM1|ASPN|TINAGL1|PRXL2A,-2.4,0
1,-4.1,M39121,M1,1,0,Cell Type Signatures,7,AIZARANI LIVER C20 LSECS 3,,-4.1,3.6,5,30211,295,367,13,3.5,0.96,928|2034|2321|2355|3572|3791|5329|6446|7076|8553|9124|23428|64129,CD9|EPAS1|FLT1|FOSL2|IL6ST|KDR|PLAUR|SGK1|TIMP1|BHLHE40|PDLIM1|SLC7A8|TINAGL1,-2.4,0
1,-4.1,M39301,M1,1,0,Cell Type Signatures,7,CUI DEVELOPING HEART C4 ENDOTHELIAL CELL,,-4.1,5.1,5.5,30211,146,367,9,2.5,0.81,660|928|1910|2040|2321|2701|3791|5768|54873,BMX|CD9|EDNRB|STOM|FLT1|GJA4|KDR|QSOX1|PALMD,-2.3,0
1,-4.1,M41648,M1,1,0,Cell Type Signatures,7,TRAVAGLINI LUNG CLUB CELL,,-4.1,5.8,5.7,30211,114,367,8,2.2,0.76,1510|2327|3572|4257|5743|7076|23767|284340,CTSE|FMO2|IL6ST|MGST1|PTGS2|TIMP1|FLRT3|CXCL17,-2.3,0
1,-4.1,M39115,M1,1,0,Cell Type Signatures,7,AIZARANI LIVER C11 HEPATOCYTES 1,,-4.1,3.6,5,30211,298,367,13,3.5,0.96,445|1356|2244|2628|3081|3484|4257|4942|5340|6385|11001|27329|29968,ASS1|CP|FGB|GATM|HGD|IGFBP1|MGST1|OAT|PLG|SDC4|SLC27A2|ANGPTL3|PSAT1,-2.3,0
1,-4,M39040,M1,1,0,Cell Type Signatures,7,FAN EMBRYONIC CTX BRAIN ENDOTHELIAL 2,,-4,3.5,4.9,30211,303,367,13,3.5,0.96,290|302|477|928|2034|2701|3910|4854|5358|7076|8490|9124|11343,ANPEP|ANXA2|ATP1A2|CD9|EPAS1|GJA4|LAMA4|NOTCH3|PLS3|TIMP1|RGS5|PDLIM1|MGLL,-2.3,0
1,-4,M39243,M1,1,0,Cell Type Signatures,7,LAKE ADULT KIDNEY C24 ENDOTHELIAL CELLS AEA AND DVR,,-4,4.9,5.3,30211,152,367,9,2.5,0.81,2|2034|2040|2321|3572|5797|8611|9168|54873,A2M|EPAS1|STOM|FLT1|IL6ST|PTPRM|PLPP1|TMSB10|PALMD,-2.2,0
1,-4,M41716,M1,1,0,Cell Type Signatures,7,FAN OVARY CL14 MATURE SMOOTH MUSCLE CELL,,-4,3.5,4.9,30211,306,367,13,3.5,0.96,2|467|928|1410|2034|4854|5358|8490|8848|8870|9124|10159|64129,A2M|ATF3|CD9|CRYAB|EPAS1|NOTCH3|PLS3|RGS5|TSC22D1|IER3|PDLIM1|ATP6AP2|TINAGL1,-2.2,0
1,-3.9,M40228,M1,1,0,Cell Type Signatures,7,DESCARTES FETAL LIVER MESOTHELIAL CELLS,,-3.9,3.5,4.8,30211,310,367,13,3.5,0.96,379|467|1410|1803|2006|3880|4036|5067|7430|23767|53405|57633|374462,ARL4D|ATF3|CRYAB|DPP4|ELN|KRT19|LRP2|CNTN3|EZR|FLRT3|CLIC5|LRRN1|PTPRQ,-2.2,0
1,-3.9,M39062,M1,1,0,Cell Type Signatures,7,MANNO MIDBRAIN NEUROTYPES HNPROG,,-3.9,4,5,30211,229,367,11,3,0.89,994|1993|3832|9133|9787|11004|51299|55872|81610|259266|441631,CDC25B|ELAVL2|KIF11|CCNB2|DLGAP5|KIF2C|NRN1|PBK|FAM83D|ASPM|TSPAN11,-2.2,0
1,-3.9,M39206,M1,1,0,Cell Type Signatures,7,HAY BONE MARROW PLATELET,,-3.9,3.6,4.8,30211,272,367,12,3.3,0.93,1950|3081|5627|7429|8848|29094|55287|57110|79674|93663|200879|284486,EGF|HGD|PROS1|VIL1|TSC22D1|LGALSL|TMEM40|PLAAT1|VEPH1|ARHGAP18|LIPH|THEM5,-2.2,0
1,-3.8,M40231,M1,1,0,Cell Type Signatures,7,DESCARTES FETAL LIVER MEGAKARYOCYTES,,-3.8,4.7,5.1,30211,159,367,9,2.5,0.81,1950|10855|29094|55287|79674|80258|93663|116931|200879,EGF|HPSE|LGALSL|TMEM40|VEPH1|EFHC2|ARHGAP18|MED12L|LIPH,-2.1,0
1,-3.8,M39057,M1,1,0,Cell Type Signatures,7,MANNO MIDBRAIN NEUROTYPES HRGL1,,-3.8,3.2,4.6,30211,364,367,14,3.8,1,645|672|1410|2006|2040|3606|3707|4257|29968|79674|80258|116931|129293|441631,BLVRB|BRCA1|CRYAB|ELN|STOM|IL18|ITPKB|MGST1|PSAT1|VEPH1|EFHC2|MED12L|TRABD2A|TSPAN11,-2.1,0
1,-3.8,M41711,M1,1,0,Cell Type Signatures,7,FAN OVARY CL9 PUTATIVE APOPTOTIC ENDOTHELIAL CELL,,-3.8,3.2,4.6,30211,365,367,14,3.8,1,2|302|2034|2040|3087|3572|3910|5358|7295|8848|8870|8878|9124|23075,A2M|ANXA2|EPAS1|STOM|HHEX|IL6ST|LAMA4|PLS3|TXN|TSC22D1|IER3|SQSTM1|PDLIM1|SWAP70,-2.1,0
1,-3.8,M39167,M1,1,0,Cell Type Signatures,7,GAO LARGE INTESTINE ADULT CJ IMMUNE CELLS,,-3.8,2.8,4.5,30211,505,367,17,4.6,1.1,2|220|652|1910|2040|2321|2701|3910|4854|5327|5797|8490|8643|10516|26227|57379|441631,A2M|ALDH1A3|BMP4|EDNRB|STOM|FLT1|GJA4|LAMA4|NOTCH3|PLAT|PTPRM|RGS5|PTCH2|FBLN5|PHGDH|AICDA|TSPAN11,-2.1,0
1,-3.7,M39263,M1,1,0,Cell Type Signatures,7,HU FETAL RETINA BLOOD,,-3.7,3.5,4.7,30211,282,367,12,3.3,0.93,645|1510|2040|3087|4257|4635|5292|6583|28984|54443|55808|84293,BLVRB|CTSE|STOM|HHEX|MGST1|MYL4|PIM1|SLC22A4|RGCC|ANLN|ST6GALNAC1|PRXL2A,-2,0
1,-3.7,M41662,M1,1,0,Cell Type Signatures,7,TRAVAGLINI LUNG ARTERY CELL,,-3.7,5,5.1,30211,131,367,8,2.2,0.76,660|5801|7422|8727|10516|54873|81621|129293,BMX|PTPRR|VEGFA|CTNNAL1|FBLN5|PALMD|KAZALD1|TRABD2A,-2,0
1,-3.6,M40257,M1,1,0,Cell Type Signatures,7,DESCARTES FETAL MUSCLE VASCULAR ENDOTHELIAL CELLS,,-3.6,6.8,5.5,30211,73,367,6,1.6,0.66,2321|5797|5801|11082|51299|53405,FLT1|PTPRM|PTPRR|ESM1|NRN1|CLIC5,-1.9,0
1,-3.6,M39240,M1,1,0,Cell Type Signatures,7,LAKE ADULT KIDNEY C21 COLLECTING DUCT INTERCALATED CELLS TYPE B,,-3.6,5.6,5.2,30211,103,367,7,1.9,0.71,767|3606|4286|5172|6641|92949|93663,CA8|IL18|MITF|SLC26A4|SNTB1|ADAMTSL1|ARHGAP18,-1.9,0
1,-3.5,M39264,M1,1,0,Cell Type Signatures,7,HU FETAL RETINA FIBROBLAST,,-3.5,3,4.4,30211,385,367,14,3.8,1,290|302|2040|2908|3572|3910|4854|5358|7076|10418|23767|55691|63901|284217,ANPEP|ANXA2|STOM|NR3C1|IL6ST|LAMA4|NOTCH3|PLS3|TIMP1|SPON1|FLRT3|FRMD4A|FAM111A|LAMA1,-1.9,0
1,-3.5,M40242,M1,1,0,Cell Type Signatures,7,DESCARTES FETAL LUNG MESOTHELIAL CELLS,,-3.5,5.5,5.1,30211,105,367,7,1.9,0.71,445|1510|2006|8840|22943|157869|374462,ASS1|CTSE|ELN|CCN4|DKK1|SBSPON|PTPRQ,-1.9,0
1,-3.5,M40152,M1,1,0,Cell Type Signatures,7,DESCARTES FETAL ADRENAL VASCULAR ENDOTHELIAL CELLS,,-3.5,4.7,4.9,30211,139,367,8,2.2,0.76,1356|2825|3484|3791|11082|51294|51299|140803,CP|CMKLR2|IGFBP1|KDR|ESM1|PCDH12|NRN1|TRPM6,-1.9,0
1,-3.5,M39087,M1,1,0,Cell Type Signatures,7,ZHONG PFC C2 UNKNOWN NPC,,-3.5,6.5,5.3,30211,76,367,6,1.6,0.66,994|9133|9787|11004|81610|259266,CDC25B|CCNB2|DLGAP5|KIF2C|FAM83D|ASPM,-1.9,0
1,-3.5,M39245,M1,1,0,Cell Type Signatures,7,LAKE ADULT KIDNEY C26 MESANGIAL CELLS,,-3.5,4.2,4.7,30211,177,367,9,2.5,0.81,2|2034|3572|4642|4643|5797|8611|8848|55691,A2M|EPAS1|IL6ST|MYO1D|MYO1E|PTPRM|PLPP1|TSC22D1|FRMD4A,-1.9,0
1,-3.5,M41708,M1,1,0,Cell Type Signatures,7,FAN OVARY CL6 PUTATIVE EARLY ATRETIC FOLLICLE THECAL CELL 2,,-3.5,3.3,4.4,30211,300,367,12,3.3,0.93,379|467|1410|3032|3880|4147|5269|5768|6446|7076|8870|10159,ARL4D|ATF3|CRYAB|HADHB|KRT19|MATN2|SERPINB6|QSOX1|SGK1|TIMP1|IER3|ATP6AP2,-1.9,0
1,-3.4,M41745,M1,1,0,Cell Type Signatures,7,RUBENSTEIN SKELETAL MUSCLE FAP CELLS,,-3.4,4.1,4.7,30211,179,367,9,2.5,0.81,231|302|2327|2908|4257|7076|10159|10516|57142,AKR1B1|ANXA2|FMO2|NR3C1|MGST1|TIMP1|ATP6AP2|FBLN5|RTN4,-1.8,0
1,-3.4,M41717,M1,1,0,Cell Type Signatures,7,FAN OVARY CL15 SMALL ANTRAL FOLLICLE GRANULOSA CELL,,-3.4,2.4,4.1,30211,645,367,19,5.2,1.2,379|467|2355|2628|5327|5732|6446|7430|8727|9168|10591|23261|51053|55500|80206|81579|84803|93663|200879,ARL4D|ATF3|FOSL2|GATM|PLAT|PTGER2|SGK1|EZR|CTNNAL1|TMSB10|DNPH1|CAMTA1|GMNN|ETNK1|FHOD3|PLA2G12A|GPAT3|ARHGAP18|LIPH,-1.8,0
1,-3.4,M40192,M1,1,0,Cell Type Signatures,7,DESCARTES FETAL HEART EPICARDIAL FAT CELLS,,-3.4,5.2,4.9,30211,110,367,7,1.9,0.71,4036|7348|9076|9508|114569|157869|374462,LRP2|UPK1B|CLDN1|ADAMTS3|MAL2|SBSPON|PTPRQ,-1.8,0
1,-3.4,M39129,M1,1,0,Cell Type Signatures,7,AIZARANI LIVER C30 HEPATOCYTES 4,,-3.4,2.8,4.2,30211,446,367,15,4.1,1,2|467|622|763|825|1317|1356|3081|3484|5768|7422|10020|11001|83999|284904,A2M|ATF3|BDH1|CA5A|CAPN3|SLC31A1|CP|HGD|IGFBP1|QSOX1|VEGFA|GNE|SLC27A2|KREMEN1|SEC14L4,-1.8,0
1,-3.3,M40191,M1,1,0,Cell Type Signatures,7,DESCARTES FETAL HEART MEGAKARYOCYTES,,-3.3,5.1,4.9,30211,112,367,7,1.9,0.71,1950|3081|4013|10855|29094|116931|200879,EGF|HGD|VWA5A|HPSE|LGALSL|MED12L|LIPH,-1.8,0
1,-3.3,M40309,M1,1,0,Cell Type Signatures,7,DESCARTES FETAL STOMACH VASCULAR ENDOTHELIAL CELLS,,-3.3,11,6.1,30211,30,367,4,1.1,0.54,2|2034|2321|51294,A2M|EPAS1|FLT1|PCDH12,-1.8,0
1,-3.3,M39258,M1,1,0,Cell Type Signatures,7,MENON FETAL KIDNEY 8 CONNECTING TUBULE CELLS,,-3.3,3.4,4.4,30211,267,367,11,3,0.89,3880|4286|6385|10159|26227|51660|51704|55195|55691|57142|113220,KRT19|MITF|SDC4|ATP6AP2|PHGDH|MPC1|GPRC5B|CCDC198|FRMD4A|RTN4|KIF12,-1.8,0
1,-3.3,M40293,M1,1,0,Cell Type Signatures,7,DESCARTES FETAL SPLEEN MEGAKARYOCYTES,,-3.3,5.1,4.8,30211,113,367,7,1.9,0.71,1950|10855|29094|55287|80258|116931|200879,EGF|HPSE|LGALSL|TMEM40|EFHC2|MED12L|LIPH,-1.8,0
1,-3.3,M41678,M1,1,0,Cell Type Signatures,7,TRAVAGLINI LUNG PERICYTE CELL,,-3.3,5.1,4.8,30211,114,367,7,1.9,0.71,2040|2701|4854|4897|7430|8490|23705,STOM|GJA4|NOTCH3|NRCAM|EZR|RGS5|CADM1,-1.7,0
1,-3.3,M39082,M1,1,0,Cell Type Signatures,7,ZHONG PFC C9 ORG OTHER,,-3.3,6,5,30211,83,367,6,1.6,0.66,477|2040|2628|4942|8277|29968,ATP1A2|STOM|GATM|OAT|TKTL1|PSAT1,-1.7,0
1,-3.3,M39298,M1,1,0,Cell Type Signatures,7,CUI DEVELOPING HEART C1 5TH WEEK CARDIAC CELLS,,-3.3,6,5,30211,83,367,6,1.6,0.66,306|3880|4257|7430|9985|51053,ANXA3|KRT19|MGST1|EZR|REC8|GMNN,-1.7,0
1,-3.3,M41715,M1,1,0,Cell Type Signatures,7,FAN OVARY CL13 MONOCYTE MACROPHAGE,,-3.3,2.7,4.1,30211,458,367,15,4.1,1,302|645|822|1390|5329|7076|7295|7430|8870|8878|9123|10159|28984|84803|282991,ANXA2|BLVRB|CAPG|CREM|PLAUR|TIMP1|TXN|EZR|IER3|SQSTM1|SLC16A3|ATP6AP2|RGCC|GPAT3|BLOC1S2,-1.7,0
1,-3.2,M39300,M1,1,0,Cell Type Signatures,7,CUI DEVELOPING HEART C3 FIBROBLAST LIKE CELL,,-3.2,4.9,4.7,30211,117,367,7,1.9,0.71,2006|3910|4147|7076|10418|10516|54829,ELN|LAMA4|MATN2|TIMP1|SPON1|FBLN5|ASPN,-1.7,0
1,-3.2,M39069,M1,1,0,Cell Type Signatures,7,MANNO MIDBRAIN NEUROTYPES HDA2,,-3.2,2.6,4,30211,513,367,16,4.4,1.1,1993|2674|4013|5214|5662|6860|7295|8999|9076|9737|22987|23767|57586|80206|84867|90874,ELAVL2|GFRA1|VWA5A|PFKP|PSD|SYT4|TXN|CDKL2|CLDN1|GPRASP1|SV2C|FLRT3|SYT13|FHOD3|PTPN5|ZNF697,-1.7,0
1,-3.2,M41680,M1,1,0,Cell Type Signatures,7,TRAVAGLINI LUNG B CELL,,-3.2,4.2,4.5,30211,155,367,8,2.2,0.76,132|3087|7430|9124|23075|60481|84329|282991,ADK|HHEX|EZR|PDLIM1|SWAP70|ELOVL5|HVCN1|BLOC1S2,-1.6,0
1,-3.2,M39227,M1,1,0,Cell Type Signatures,7,LAKE ADULT KIDNEY C8 DECENDING THIN LIMB,,-3.2,3.3,4.2,30211,278,367,11,3,0.89,302|928|1410|1591|3572|3694|7076|8848|9168|26298|57142,ANXA2|CD9|CRYAB|CYP24A1|IL6ST|ITGB6|TIMP1|TSC22D1|TMSB10|EHF|RTN4,-1.6,0
1,-3.2,M39168,M1,1,0,Cell Type Signatures,7,MURARO PANCREAS ALPHA CELL,,-3.2,2.5,3.9,30211,568,367,17,4.6,1.1,392|1803|2650|3705|4897|6860|8934|9985|10020|10159|10591|23158|23428|26249|85465|113220|129642,ARHGAP1|DPP4|GCNT1|ITPK1|NRCAM|SYT4|RAB29|REC8|GNE|ATP6AP2|DNPH1|TBC1D9|SLC7A8|KLHL3|SELENOI|KIF12|MBOAT2,-1.6,0
1,-3.2,M39285,M1,1,0,Cell Type Signatures,7,DURANTE ADULT OLFACTORY NEUROEPITHELIUM RESPIRATORY CILIATED CELLS,,-3.2,4.2,4.5,30211,156,367,8,2.2,0.76,1040|1728|1999|7295|7430|10103|10591|133690,CDS1|NQO1|ELF3|TXN|EZR|TSPAN1|DNPH1|CAPSL,-1.6,0
1,-3.2,M39304,M1,1,0,Cell Type Signatures,7,CUI DEVELOPING HEART C7 MAST CELL,,-3.2,4.2,4.5,30211,156,367,8,2.2,0.76,822|1390|1439|4013|8878|60481|85414|93663,CAPG|CREM|CSF2RB|VWA5A|SQSTM1|ELOVL5|SLC45A3|ARHGAP18,-1.6,0
1,-3.1,M40009,M1,1,0,Cell Type Signatures,7,BUSSLINGER GASTRIC PPP1R1B POSITIVE CELLS,,-3.1,4.8,4.6,30211,121,367,7,1.9,0.71,467|1510|1999|2628|6385|8870|284340,ATF3|CTSE|ELF3|GATM|SDC4|IER3|CXCL17,-1.6,0
1,-3.1,M40207,M1,1,0,Cell Type Signatures,7,DESCARTES FETAL INTESTINE ERYTHROBLASTS,,-3.1,4.1,4.4,30211,160,367,8,2.2,0.76,645|4635|5292|6583|57552|81610|85413|284904,BLVRB|MYL4|PIM1|SLC22A4|NCEH1|FAM83D|SLC22A16|SEC14L4,-1.6,0
1,-3.1,M41672,M1,1,0,Cell Type Signatures,7,TRAVAGLINI LUNG VASCULAR SMOOTH MUSCLE CELL,,-3.1,6.7,5,30211,61,367,5,1.4,0.61,2034|4854|7430|8490|64129,EPAS1|NOTCH3|EZR|RGS5|TINAGL1,-1.5,0
1,-3.1,M39068,M1,1,0,Cell Type Signatures,7,MANNO MIDBRAIN NEUROTYPES HDA1,,-3.1,2.4,3.8,30211,584,367,17,4.6,1.1,1993|2245|2674|4013|5662|6860|8999|9498|9737|22987|23158|23705|55351|57586|84867|90874|286410,ELAVL2|FGD1|GFRA1|VWA5A|PSD|SYT4|CDKL2|SLC4A8|GPRASP1|SV2C|TBC1D9|CADM1|STK32B|SYT13|PTPN5|ZNF697|ATP11C,-1.5,0
1,-3,M39242,M1,1,0,Cell Type Signatures,7,LAKE ADULT KIDNEY C23 ENDOTHELIAL CELLS AVR,,-3,4.6,4.5,30211,126,367,7,1.9,0.71,928|2034|2321|3572|5327|5797|9168,CD9|EPAS1|FLT1|IL6ST|PLAT|PTPRM|TMSB10,-1.5,0
1,-3,M40167,M1,1,0,Cell Type Signatures,7,DESCARTES FETAL CEREBRUM VASCULAR ENDOTHELIAL CELLS,,-3,2.4,3.8,30211,585,367,17,4.6,1.1,290|1728|1800|2034|2355|3484|3791|4854|6286|8490|22943|28984|51294|53405|55808|64129|140738,ANPEP|NQO1|DPEP1|EPAS1|FOSL2|IGFBP1|KDR|NOTCH3|S100P|RGS5|DKK1|RGCC|PCDH12|CLIC5|ST6GALNAC1|TINAGL1|TMEM37,-1.5,0
1,-3,M40219,M1,1,0,Cell Type Signatures,7,DESCARTES FETAL KIDNEY ERYTHROBLASTS,,-3,4,4.3,30211,166,367,8,2.2,0.76,645|767|1510|4635|6583|57552|81610|284904,BLVRB|CA8|CTSE|MYL4|SLC22A4|NCEH1|FAM83D|SEC14L4,-1.5,0
1,-3,M41671,M1,1,0,Cell Type Signatures,7,TRAVAGLINI LUNG AIRWAY SMOOTH MUSCLE CELL,,-3,4,4.3,30211,166,367,8,2.2,0.76,477|928|1410|1910|2034|7430|11343|64129,ATP1A2|CD9|CRYAB|EDNRB|EPAS1|EZR|MGLL|TINAGL1,-1.5,0
1,-2.9,M39083,M1,1,0,Cell Type Signatures,7,ZHONG PFC C3 UNKNOWN INP,,-2.9,8.7,5.2,30211,38,367,4,1.1,0.54,5179|9133|9787|81610,PENK|CCNB2|DLGAP5|FAM83D,-1.4,0
1,-2.9,M41684,M1,1,0,Cell Type Signatures,7,TRAVAGLINI LUNG CD4 NAIVE T CELL,,-2.9,4.4,4.3,30211,132,367,7,1.9,0.71,1803|3572|5292|7294|11123|123036|129293,DPP4|IL6ST|PIM1|TXK|RCAN3|TC2N|TRABD2A,-1.4,0
1,-2.9,M39148,M1,1,0,Cell Type Signatures,7,GAO SMALL INTESTINE 24W C4 ENTEROCYTE PROGENITOR SUBTYPE 2,,-2.9,5.1,4.5,30211,97,367,6,1.6,0.66,795|1800|1803|2745|79589|84879,S100G|DPEP1|DPP4|GLRX|RNF128|MFSD2A,-1.4,0
1,-2.9,M40276,M1,1,0,Cell Type Signatures,7,DESCARTES FETAL PLACENTA AFP ALB POSITIVE CELLS,,-2.9,3.9,4.1,30211,171,367,8,2.2,0.76,368|445|622|2244|5340|8659|23767|27329,ABCC6|ASS1|BDH1|FGB|PLG|ALDH4A1|FLRT3|ANGPTL3,-1.4,0
1,-2.9,M39189,M1,1,0,Cell Type Signatures,7,HAY BONE MARROW CD34 POS PRE B,,-2.9,5,4.4,30211,98,367,6,1.6,0.66,994|5340|54097|57565|113220|157869,CDC25B|PLG|FAM3B|KLHL14|KIF12|SBSPON,-1.4,0
1,-2.9,M39113,M1,1,0,Cell Type Signatures,7,AIZARANI LIVER C9 LSECS 1,,-2.9,3,3.8,30211,304,367,11,3,0.89,2034|2321|2355|3572|3791|6446|7076|8553|9124|23428|64129,EPAS1|FLT1|FOSL2|IL6ST|KDR|SGK1|TIMP1|BHLHE40|PDLIM1|SLC7A8|TINAGL1,-1.4,0
1,-2.9,M39126,M1,1,0,Cell Type Signatures,7,AIZARANI LIVER C25 KUPFFER CELLS 4,,-2.9,3.8,4.1,30211,174,367,8,2.2,0.76,4688|5329|6446|7422|8870|9168|28984|84803,NCF2|PLAUR|SGK1|VEGFA|IER3|TMSB10|RGCC|GPAT3,-1.4,0
1,-2.9,M40011,M1,1,0,Cell Type Signatures,7,BUSSLINGER GASTRIC METALLOTHIONEIN CELLS,,-2.9,4.9,4.4,30211,100,367,6,1.6,0.66,1510|1728|3880|5768|6286|114569,CTSE|NQO1|KRT19|QSOX1|S100P|MAL2,-1.4,0
1,-2.8,M39241,M1,1,0,Cell Type Signatures,7,LAKE ADULT KIDNEY C22 ENDOTHELIAL CELLS GLOMERULAR CAPILLARIES,,-2.8,4.2,4.2,30211,137,367,7,1.9,0.71,2034|2321|3572|4643|5327|5797|8611,EPAS1|FLT1|IL6ST|MYO1E|PLAT|PTPRM|PLPP1,-1.4,0
1,-2.8,M39259,M1,1,0,Cell Type Signatures,7,MENON FETAL KIDNEY 9 ENDOTHELIAL CELLS,,-2.8,4.8,4.3,30211,102,367,6,1.6,0.66,2|302|2321|3572|3791|9168,A2M|ANXA2|FLT1|IL6ST|KDR|TMSB10,-1.3,0
1,-2.7,M40230,M1,1,0,Cell Type Signatures,7,DESCARTES FETAL LIVER VASCULAR ENDOTHELIAL CELLS,,-2.7,4.1,4.1,30211,142,367,7,1.9,0.71,660|2321|3598|3791|64129|119587|140803,BMX|FLT1|IL13RA2|KDR|TINAGL1|CPXM2|TRPM6,-1.3,0
1,-2.7,M40032,M1,1,0,Cell Type Signatures,7,BUSSLINGER DUODENAL BCHE CELLS,,-2.7,7.7,4.8,30211,43,367,4,1.1,0.54,1510|9168|10144|51053,CTSE|TMSB10|FAM13A|GMNN,-1.3,0
1,-2.7,M39022,M1,1,0,Cell Type Signatures,7,FAN EMBRYONIC CTX BIG GROUPS MICROGLIA,,-2.7,2.7,3.6,30211,371,367,12,3.3,0.93,2|2040|2628|2745|3087|3572|5269|8870|23428|59345|84329|116931,A2M|STOM|GATM|GLRX|HHEX|IL6ST|SERPINB6|IER3|SLC7A8|GNB4|HVCN1|MED12L,-1.2,0
1,-2.7,M40212,M1,1,0,Cell Type Signatures,7,DESCARTES FETAL INTESTINE INTESTINAL EPITHELIAL CELLS,,-2.7,3,3.7,30211,276,367,10,2.7,0.85,290|1040|1999|7498|55195|55808|57379|59272|117247|200879,ANPEP|CDS1|ELF3|XDH|CCDC198|ST6GALNAC1|AICDA|ACE2|SLC16A10|LIPH,-1.2,0
1,-2.6,M41718,M1,1,0,Cell Type Signatures,7,FAN OVARY CL16 LYMPHATIC ENDOTHELIAL CELL,,-2.6,3.2,3.7,30211,232,367,9,2.5,0.81,2|302|928|2040|3572|3910|10159|57142|84293,A2M|ANXA2|CD9|STOM|IL6ST|LAMA4|ATP6AP2|RTN4|PRXL2A,-1.2,0
1,-2.6,M40027,M1,1,0,Cell Type Signatures,7,BUSSLINGER DUODENAL EARLY IMMATURE ENTEROCYTES,,-2.6,4.4,4,30211,113,367,6,1.6,0.66,290|2628|3030|3880|4942|7295,ANPEP|GATM|HADHA|KRT19|OAT|TXN,-1.2,0
1,-2.6,M40307,M1,1,0,Cell Type Signatures,7,DESCARTES FETAL STOMACH ENS GLIA,,-2.6,6.9,4.5,30211,48,367,4,1.1,0.54,477|1410|1910|441631,ATP1A2|CRYAB|EDNRB|TSPAN11,-1.2,0
1,-2.6,M40150,M1,1,0,Cell Type Signatures,7,DESCARTES FETAL ADRENAL ERYTHROBLASTS,,-2.6,4.3,4,30211,114,367,6,1.6,0.66,645|1510|6583|55808|85413|284904,BLVRB|CTSE|SLC22A4|ST6GALNAC1|SLC22A16|SEC14L4,-1.2,0
1,-2.5,M40146,M1,1,0,Cell Type Signatures,7,DESCARTES FETAL ADRENAL MEGAKARYOCYTES,,-2.5,4.3,3.9,30211,115,367,6,1.6,0.66,1950|3081|9124|10855|29094|80258,EGF|HGD|PDLIM1|HPSE|LGALSL|EFHC2,-1.1,0
1,-2.5,M40073,M1,1,0,Cell Type Signatures,7,DESCARTES MAIN FETAL ERYTHROBLASTS,,-2.5,3.1,3.6,30211,242,367,9,2.5,0.81,645|899|6491|9787|57552|81610|85413|129642|284904,BLVRB|CCNF|STIL|DLGAP5|NCEH1|FAM83D|SLC22A16|MBOAT2|SEC14L4,-1.1,0
1,-2.5,M40281,M1,1,0,Cell Type Signatures,7,DESCARTES FETAL PLACENTA IGFBP1 DKK1 POSITIVE CELLS,,-2.5,4.3,3.9,30211,116,367,6,1.6,0.66,220|3484|6098|7076|8611|22943,ALDH1A3|IGFBP1|ROS1|TIMP1|PLPP1|DKK1,-1.1,0
1,-2.5,M40286,M1,1,0,Cell Type Signatures,7,DESCARTES FETAL PLACENTA MEGAKARYOCYTES,,-2.5,3.3,3.6,30211,200,367,8,2.2,0.76,1728|1950|29094|55287|79674|80258|81579|129642,NQO1|EGF|LGALSL|TMEM40|VEPH1|EFHC2|PLA2G12A|MBOAT2,-1.1,0
1,-2.5,M39269,M1,1,0,Cell Type Signatures,7,HU FETAL RETINA RGC,,-2.5,2.4,3.3,30211,443,367,13,3.5,0.96,1136|1993|2745|4897|6860|7295|8848|9168|23705|51299|57142|57586|282991,CHRNA3|ELAVL2|GLRX|NRCAM|SYT4|TXN|TSC22D1|TMSB10|CADM1|NRN1|RTN4|SYT13|BLOC1S2,-1.1,0
1,-2.4,M39095,M1,1,0,Cell Type Signatures,7,ZHONG PFC C8 UNKNOWN NEUROD2 POS INTERNEURON,,-2.4,4.9,4,30211,84,367,5,1.4,0.61,5067|5179|6860|55351|83988,CNTN3|PENK|SYT4|STK32B|NCALD,-1.1,0
1,-2.4,M39072,M1,1,0,Cell Type Signatures,7,MANNO MIDBRAIN NEUROTYPES HSERT,,-2.4,2.4,3.3,30211,450,367,13,3.5,0.96,523|1993|5214|5662|5797|5801|8999|9498|9737|10382|23154|23705|57586,ATP6V1A|ELAVL2|PFKP|PSD|PTPRM|PTPRR|CDKL2|SLC4A8|GPRASP1|TUBB4A|NCDN|CADM1|SYT13,-1.1,0
1,-2.4,M41709,M1,1,0,Cell Type Signatures,7,FAN OVARY CL7 ANGEIOGENIC ENDOTHELIAL CELL,,-2.4,3,3.4,30211,251,367,9,2.5,0.81,2|302|2034|2040|3572|5358|8848|9124|54873,A2M|ANXA2|EPAS1|STOM|IL6ST|PLS3|TSC22D1|PDLIM1|PALMD,-1.1,0
1,-2.4,M39067,M1,1,0,Cell Type Signatures,7,MANNO MIDBRAIN NEUROTYPES HDA,,-2.4,2.3,3.2,30211,506,367,14,3.8,1,1993|2674|4013|5662|6860|9498|9737|23154|23705|57565|57586|84867|90874|116931,ELAVL2|GFRA1|VWA5A|PSD|SYT4|SLC4A8|GPRASP1|NCDN|CADM1|KLHL14|SYT13|PTPN5|ZNF697|MED12L,-1,0
1,-2.4,M39233,M1,1,0,Cell Type Signatures,7,LAKE ADULT KIDNEY C14 DISTAL CONVOLUTED TUBULE,,-2.4,3.2,3.5,30211,208,367,8,2.2,0.76,1950|4286|6559|23705|26249|55195|80206|140803,EGF|MITF|SLC12A3|CADM1|KLHL3|CCDC198|FHOD3|TRPM6,-1,0
1,-2.4,M39097,M1,1,0,Cell Type Signatures,7,ZHONG PFC C2 THY1 POS OPC,,-2.4,9.1,4.7,30211,27,367,3,0.82,0.47,1910|3910|5327,EDNRB|LAMA4|PLAT,-1,0
1,-2.4,M39229,M1,1,0,Cell Type Signatures,7,LAKE ADULT KIDNEY C10 THIN ASCENDING LIMB,,-2.4,2.6,3.3,30211,353,367,11,3,0.89,302|1362|1410|1999|3030|3032|3694|7076|8848|8870|11343,ANXA2|CPD|CRYAB|ELF3|HADHA|HADHB|ITGB6|TIMP1|TSC22D1|IER3|MGLL,-1,0
1,-2.4,M39208,M1,1,0,Cell Type Signatures,7,HAY BONE MARROW PRO B,,-2.4,2.7,3.3,30211,304,367,10,2.7,0.85,231|899|3832|5292|9124|11164|26227|63901|221150|259266,AKR1B1|CCNF|KIF11|PIM1|PDLIM1|NUDT5|PHGDH|FAM111A|SKA3|ASPM,-1,0
1,-2.3,M40005,M1,1,0,Cell Type Signatures,7,BUSSLINGER ESOPHAGEAL DENDRITIC CELLS,,-2.3,3.1,3.4,30211,214,367,8,2.2,0.76,1439|2745|5329|5743|6446|7076|9076|9168,CSF2RB|GLRX|PLAUR|PTGS2|SGK1|TIMP1|CLDN1|TMSB10,-0.98,0
1,-2.3,M40122,M1,1,0,Cell Type Signatures,7,DESCARTES MAIN FETAL SQUAMOUS EPITHELIAL CELLS,,-2.3,3.8,3.6,30211,129,367,6,1.6,0.66,2810|5268|5317|23650|89778|114569,SFN|SERPINB5|PKP1|TRIM29|SERPINB11|MAL2,-0.96,0
1,-2.3,M40072,M1,1,0,Cell Type Signatures,7,DESCARTES MAIN FETAL SYMPATHOBLASTS,,-2.3,5.8,4,30211,57,367,4,1.1,0.54,3598|5179|51495|57683,IL13RA2|PENK|HACD3|ZDBF2,-0.96,0
1,-2.3,M39079,M1,1,0,Cell Type Signatures,7,ZHONG PFC MAJOR TYPES OPC,,-2.3,4.5,3.7,30211,91,367,5,1.4,0.61,928|1910|2628|5327|29968,CD9|EDNRB|GATM|PLAT|PSAT1,-0.96,0
1,-2.3,M39052,M1,1,0,Cell Type Signatures,7,MANNO MIDBRAIN NEUROTYPES HOPC,,-2.3,2.5,3.1,30211,366,367,11,3,0.89,1910|2628|3707|5327|5662|9508|9514|26227|55351|55872|221150,EDNRB|GATM|ITPKB|PLAT|PSD|ADAMTS3|GAL3ST1|PHGDH|STK32B|PBK|SKA3,-0.93,0
1,-2.3,M39279,M1,1,0,Cell Type Signatures,7,DURANTE ADULT OLFACTORY NEUROEPITHELIUM VASCULAR SMOOTH MUSCLE CELLS,,-2.3,4.4,3.7,30211,93,367,5,1.4,0.61,467|1410|4854|8490|64129,ATF3|CRYAB|NOTCH3|RGS5|TINAGL1,-0.93,0
1,-2.2,M40136,M1,1,0,Cell Type Signatures,7,DESCARTES MAIN FETAL SYNCYTIOTROPHOBLASTS AND VILLOUS CYTOTROPHOBLASTS,,-2.2,3.7,3.5,30211,133,367,6,1.6,0.66,1232|2731|11001|55796|153129|245973,CCR3|GLDC|SLC27A2|MBNL3|SLC38A9|ATP6V1C2,-0.91,0
1,-2.2,M41707,M1,1,0,Cell Type Signatures,7,FAN OVARY CL5 HEALTHY SELECTABLE FOLLICLE THECAL CELL,,-2.2,2.6,3.2,30211,318,367,10,2.7,0.85,379|2745|3910|4147|5732|6446|10159|51495|83988|84263,ARL4D|GLRX|LAMA4|MATN2|PTGER2|SGK1|ATP6AP2|HACD3|NCALD|HSDL2,-0.91,0
1,-2.2,M40282,M1,1,0,Cell Type Signatures,7,DESCARTES FETAL PLACENTA STROMAL CELLS,,-2.2,4.4,3.6,30211,94,367,5,1.4,0.61,2006|4147|5317|9358|117247,ELN|MATN2|PKP1|ITGBL1|SLC16A10,-0.91,0
1,-2.2,M39070,M1,1,0,Cell Type Signatures,7,MANNO MIDBRAIN NEUROTYPES HNBGABA,,-2.2,2,2.9,30211,703,367,17,4.6,1.1,1993|4356|5214|5662|6860|8999|9737|22987|23705|26999|51299|55351|55691|57586|80206|84867|286097,ELAVL2|MPP3|PFKP|PSD|SYT4|CDKL2|GPRASP1|SV2C|CADM1|CYFIP2|NRN1|STK32B|FRMD4A|SYT13|FHOD3|PTPN5|MICU3,-0.91,0
1,-2.2,M40166,M1,1,0,Cell Type Signatures,7,DESCARTES FETAL CEREBRUM MEGAKARYOCYTES,,-2.2,2.3,3,30211,425,367,12,3.3,0.93,1950|2040|4635|5292|6385|7481|8727|29094|55287|64793|64860|200879,EGF|STOM|MYL4|PIM1|SDC4|WNT11|CTNNAL1|LGALSL|TMEM40|CEP85|ARMCX5|LIPH,-0.89,0
1,-2.2,M39226,M1,1,0,Cell Type Signatures,7,LAKE ADULT KIDNEY C7 PROXIMAL TUBULE EPITHELIAL CELLS S3,,-2.2,3.7,3.4,30211,135,367,6,1.6,0.66,290|2628|4036|6385|7430|9168,ANPEP|GATM|LRP2|SDC4|EZR|TMSB10,-0.89,0
1,-2.2,M40261,M1,1,0,Cell Type Signatures,7,DESCARTES FETAL PANCREAS ERYTHROBLASTS,,-2.2,3.7,3.4,30211,135,367,6,1.6,0.66,645|1510|4635|6583|85413|284904,BLVRB|CTSE|MYL4|SLC22A4|SLC22A16|SEC14L4,-0.89,0
1,-2.2,M40135,M1,1,0,Cell Type Signatures,7,DESCARTES MAIN FETAL IGFBP1 DKK1 POSITIVE CELLS,,-2.2,3.2,3.3,30211,178,367,7,1.9,0.71,6369|7076|8611|22943|28984|54873|140738,CCL24|TIMP1|PLPP1|DKK1|RGCC|PALMD|TMEM37,-0.89,0
1,-2.2,M40313,M1,1,0,Cell Type Signatures,7,DESCARTES FETAL THYMUS STROMAL CELLS,,-2.2,3.6,3.4,30211,137,367,6,1.6,0.66,2006|5327|7076|54507|54829|57683,ELN|PLAT|TIMP1|ADAMTSL4|ASPN|ZDBF2,-0.87,0
1,-2.1,M40297,M1,1,0,Cell Type Signatures,7,DESCARTES FETAL STOMACH ERYTHROBLASTS,,-2.1,4.1,3.5,30211,100,367,5,1.4,0.61,645|4635|9787|81610|284904,BLVRB|MYL4|DLGAP5|FAM83D|SEC14L4,-0.83,0
1,-2.1,M39309,M1,1,0,Cell Type Signatures,7,CUI DEVELOPING HEART COMPACT VENTRICULAR CARDIOMYOCYTE,,-2.1,5.1,3.6,30211,65,367,4,1.1,0.54,1410|2006|2952|54829,CRYAB|ELN|GSTT1|ASPN,-0.8,0
1,-2,M39270,M1,1,0,Cell Type Signatures,7,HU FETAL RETINA RPC,,-2,3.8,3.3,30211,107,367,5,1.4,0.61,4036|4171|9133|51053|79682,LRP2|MCM2|CCNB2|GMNN|CENPU,-0.73,0
